{
  "auc": 0.7235122111377998,
  "precision": 0.6522321428571428,
  "recall": 0.6554508748317631,
  "f1": 0.6538375475497874,
  "confusion_matrix": [
    [
      1492,
      779
    ],
    [
      768,
      1461
    ]
  ],
  "best_params": {
    "subsample": 0.8,
    "n_estimators": 200,
    "max_depth": 3,
    "learning_rate": 0.01,
    "colsample_bytree": 0.6
  }
}